{
  "project_info": {
    "project_number": "1092192818054",
    "firebase_url": "https://universityapp-10e74.firebaseio.com",
    "project_id": "universityapp-10e74",
    "storage_bucket": "universityapp-10e74.appspot.com"
  },
  "client": [
    {
      "client_info": {
        "mobilesdk_app_id": "1:1092192818054:android:b57e8867c39f27bf",
        "android_client_info": {
          "package_name": "ca.indal.app.android"
        }
      },
      "oauth_client": [
        {
          "client_id": "1092192818054-c4dm508jrb3u5krp2g7vg07iaoqt9lob.apps.googleusercontent.com",
          "client_type": 1,
          "android_info": {
            "package_name": "ca.indal.app.android",
            "certificate_hash": "e5378f908e800b5ec2f748e3c6abf14e955aeb93"
          }
        },
        {
          "client_id": "1092192818054-rpcaphmb4n0j9ku9ikum2pplee0tck2a.apps.googleusercontent.com",
          "client_type": 3
        }
      ],
      "api_key": [
        {
          "current_key": "AIzaSyAr9Dl-ICiMldc3DFr5vZwfaSaHQRHzDpw"
        }
      ],
      "services": {
        "analytics_service": {
          "status": 1
        },
        "appinvite_service": {
          "status": 2,
          "other_platform_oauth_client": [
            {
              "client_id": "1092192818054-rpcaphmb4n0j9ku9ikum2pplee0tck2a.apps.googleusercontent.com",
              "client_type": 3
            }
          ]
        },
        "ads_service": {
          "status": 2
        }
      }
    }
  ],
  "configuration_version": "1"
}